{
  "config": {
    "timeslots_Auckland": {
      "slots": [
        {
          "weekday": "Tuesday",
          "start": "17:30",
          "end": "18:30",
          "venueAddress": "TBC",
          "note": ""
        }
      ]
    },
    "timeslots_Waikato": {
      "slots": [
        {
          "weekday": "Tuesday",
          "start": "17:30",
          "end": "18:30",
          "venueAddress": "Hamilton Clinic",
          "note": ""
        }
      ]
    },
    "timeslots_Bay of Plenty": {
      "slots": [
        {
          "weekday": "Thursday",
          "start": "11:00",
          "end": "12:00",
          "venueAddress": "Tauranga Clinic",
          "note": ""
        }
      ]
    }
  }
}